<?xml version="1.0" encoding="UTF-8" ?>
<!DOCTYPE mapper
PUBLIC "-//mybatis.org//DTD Mapper 3.0//EN"
"http://mybatis.org/dtd/mybatis-3-mapper.dtd">
<mapper namespace="com.store.system.mapper.PurchaseMapper">
    
    <resultMap type="Purchase" id="PurchaseResult">
        <result property="id"    column="id"    />
        <result property="productId"    column="product_id"    />
        <result property="number"    column="number"    />
        <result property="type"    column="type"    />
        <result property="time"    column="time"    />
        <result property="customer"    column="customer"    />
        <result property="address"    column="address"    />
        <result property="contacts"    column="contacts"    />
        <result property="phoneNumber"    column="phone_number"    />
        <result property="remarks"    column="remarks"    />
        <result property="unit"    column="unit"    />
        <result property="price"    column="price"    />
    </resultMap>

    <sql id="selectPurchaseVo">
        select id, product_id, number, type, time, customer, address, contacts, phone_number, remarks, unit, price from purchase
    </sql>

    <select id="selectPurchaseList" parameterType="Purchase" resultMap="PurchaseResult">
        <include refid="selectPurchaseVo"/>
        <where>  
            <if test="productId != null "> and product_id = #{productId}</if>
            <if test="number != null "> and number = #{number}</if>
            <if test="type != null  and type != ''"> and type = #{type}</if>
            <if test="time != null "> and time = #{time}</if>
            <if test="customer != null  and customer != ''"> and customer = #{customer}</if>
            <if test="address != null  and address != ''"> and address = #{address}</if>
            <if test="contacts != null  and contacts != ''"> and contacts = #{contacts}</if>
            <if test="phoneNumber != null "> and phone_number = #{phoneNumber}</if>
            <if test="remarks != null  and remarks != ''"> and remarks = #{remarks}</if>
            <if test="unit != null  and unit != ''"> and unit = #{unit}</if>
            <if test="price != null "> and price = #{price}</if>
        </where>
    </select>
    
    <select id="selectPurchaseById" parameterType="Long" resultMap="PurchaseResult">
        <include refid="selectPurchaseVo"/>
        where id = #{id}
    </select>
        
    <insert id="insertPurchase" parameterType="Purchase">
        insert into purchase
        <trim prefix="(" suffix=")" suffixOverrides=",">
            <if test="id != null">id,</if>
            <if test="productId != null">product_id,</if>
            <if test="number != null">number,</if>
            <if test="type != null">type,</if>
            <if test="time != null">time,</if>
            <if test="customer != null">customer,</if>
            <if test="address != null">address,</if>
            <if test="contacts != null">contacts,</if>
            <if test="phoneNumber != null">phone_number,</if>
            <if test="remarks != null">remarks,</if>
            <if test="unit != null">unit,</if>
            <if test="price != null">price,</if>
         </trim>
        <trim prefix="values (" suffix=")" suffixOverrides=",">
            <if test="id != null">#{id},</if>
            <if test="productId != null">#{productId},</if>
            <if test="number != null">#{number},</if>
            <if test="type != null">#{type},</if>
            <if test="time != null">#{time},</if>
            <if test="customer != null">#{customer},</if>
            <if test="address != null">#{address},</if>
            <if test="contacts != null">#{contacts},</if>
            <if test="phoneNumber != null">#{phoneNumber},</if>
            <if test="remarks != null">#{remarks},</if>
            <if test="unit != null">#{unit},</if>
            <if test="price != null">#{price},</if>
         </trim>
    </insert>

    <update id="updatePurchase" parameterType="Purchase">
        update purchase
        <trim prefix="SET" suffixOverrides=",">
            <if test="productId != null">product_id = #{productId},</if>
            <if test="number != null">number = #{number},</if>
            <if test="type != null">type = #{type},</if>
            <if test="time != null">time = #{time},</if>
            <if test="customer != null">customer = #{customer},</if>
            <if test="address != null">address = #{address},</if>
            <if test="contacts != null">contacts = #{contacts},</if>
            <if test="phoneNumber != null">phone_number = #{phoneNumber},</if>
            <if test="remarks != null">remarks = #{remarks},</if>
            <if test="unit != null">unit = #{unit},</if>
            <if test="price != null">price = #{price},</if>
        </trim>
        where id = #{id}
    </update>

    <delete id="deletePurchaseById" parameterType="Long">
        delete from purchase where id = #{id}
    </delete>

    <delete id="deletePurchaseByIds" parameterType="String">
        delete from purchase where id in 
        <foreach item="id" collection="array" open="(" separator="," close=")">
            #{id}
        </foreach>
    </delete>
</mapper>